0ward,1area,2may16,3may12,4edu,5age,6gender,7xcoord,8ycoord,9income,10populationsize
E05000064,0,0.280266920877,0.23112244898,1.87156082931,50.3747945898,0.523372491434,0.161955216133,51.4576597832,38.2,8172.0
E05000065,0,0.495341614907,0.451629327902,1.89989196975,46.4910849551,0.529802816901,0.150479916391,51.4920043432,33.51,8875.0
E05000066,0,0.278763074125,0.230769230769,1.8546877004,49.9679070929,0.522950224052,0.0917229036851,51.4455405206,40.78,8257.0
E05000067,0,0.232538330494,0.201359388275,1.89361966236,50.0975669397,0.519815450136,0.116884493007,51.4460150394,40.34,8453.0
E05000068,0,0.284392598552,0.246484698098,1.89296636086,52.1898533007,0.523781283359,0.139196969604,51.4682411797,40.79,8431.0
E05000069,0,0.327272727273,0.269865067466,2.04101061882,50.1525947037,0.523749281196,0.141009657781,51.4551404934,40.19,8695.0
E05000070,0,0.367721518987,0.358415841584,1.7621834839,48.0294882914,0.534730538922,0.170387460889,51.4699789573,34.45,8350.0
E05000072,0,0.325936883629,0.270478284772,1.8770983948,49.8971346361,0.543205574913,0.1335031612,51.4235477063,35.53,8610.0
E05000071,0,0.384658454647,0.345714285714,1.77553813612,48.144772118,0.52389380531,0.18187823485,51.4531117101,34.9,8475.0
E05000073,0,0.302914476828,0.237195425162,1.91408678354,49.5437810343,0.527787527788,0.118093915911,51.4570821751,38.58,8547.0
E05000074,0,0.357894736842,0.284740429995,1.75125313283,49.9262425205,0.522780925401,0.0971043819085,51.4681101842,36.26,8472.0
E05000075,0,0.523722627737,0.482461538462,1.93113917901,45.577782953,0.523158012785,0.167149122236,51.4863805878,33.16,8917.0
E05000076,0,0.300185013876,0.265906932574,1.87696004047,48.7985813868,0.516324349994,0.0963941743943,51.4581017806,39.0,8423.0
E05000077,0,0.429931253305,0.411530815109,1.91934679631,49.0489384671,0.526083932298,0.12991910278,51.4843212164,35.63,8626.0
E05000078,0,0.297274979356,0.207638279192,2.12439658374,51.456084785,0.543636791343,0.0938829757599,51.4272219019,40.88,8502.0
E05000079,0,0.53884180791,0.530872959546,1.70009068532,45.1380995242,0.538994800693,0.197385983054,51.4711947741,29.93,8078.0
E05000080,0,0.357619291945,0.300821355236,1.80687376074,48.9932016419,0.526744904262,0.152231688914,51.474891423,37.13,8095.0
E05000083,0,0.269841269841,0.204771371769,2.17570936721,50.4187924175,0.533643481221,0.105752115129,51.4340084723,41.22,8813.0
E05000081,0,0.233268101761,0.189833200953,2.15492247573,51.7540841584,0.518059234288,0.14647374402,51.4395864723,44.01,8306.0
E05000082,0,0.333333333333,0.268613138686,1.85710656675,48.2007698038,0.521384928717,0.118478165513,51.4705331555,38.51,8347.0
E05000084,0,0.651274982771,0.709111488398,2.11248250414,43.3150753143,0.525020801141,0.13534533576,51.5017250244,32.1,8413.0
E05000106,1,0.253370013755,0.164664518019,2.57548672566,51.9027850305,0.531070098205,0.0463315587959,51.4016349384,47.19,11812.0
E05000107,1,0.165909090909,0.149599287622,2.05633039946,50.0072934624,0.517232510288,0.0236730923458,51.3163709619,40.93,7776.0
E05000108,1,0.303201506591,0.231777493606,2.12993990166,50.0065073988,0.533494893543,0.0407760232994,51.3725180207,40.51,11554.0
E05000109,1,0.446453800509,0.279668540988,2.60817920918,46.8208398134,0.51666037023,0.014772167931,51.4037065409,43.46,13235.0
E05000110,1,0.249248428532,0.178418803419,2.34980218971,51.4615664514,0.518272719228,0.113222738689,51.3510812076,44.85,11301.0
E05000111,1,0.251485148515,0.157781862745,2.47286683327,52.359343807,0.529466553768,0.0743013478837,51.4131168827,46.25,11810.0
E05000112,1,0.568690958165,0.405925473427,2.48722611934,46.3324571816,0.530425461741,-0.0477056596487,51.4050476706,41.65,12128.0
E05000113,1,0.387777176852,0.219753827679,2.71684905053,47.4531042561,0.517575295463,-0.0193216631788,51.4118242351,43.17,13115.0
E05000114,1,0.381980290943,0.320906087777,1.74513743037,49.0351955805,0.540433244153,0.131683007184,51.3916789369,32.23,11587.0
E05000115,1,0.363338021566,0.323516673885,1.70826249575,48.7067149718,0.542361845853,0.10269056211,51.4002922626,31.74,12287.0
E05000116,1,0.742276766822,0.586097946288,2.4539540101,42.4510012782,0.515573432343,-0.0687776125126,51.4169295255,34.06,9696.0
E05000117,1,0.164505672609,0.144321093083,2.0754519256,52.8818639798,0.510219157843,0.0572773281508,51.3271416769,42.81,4061.0
E05000118,1,0.220460358056,0.155840684309,2.25811732606,53.7605406857,0.541265955587,0.0669484760739,51.365370382,44.59,11438.0
E05000119,1,0.259090909091,0.170223577236,2.32853025937,51.4974781439,0.525783289817,0.0115382467459,51.369778467,45.66,12256.0
E05000120,1,0.33826754386,0.237186788155,2.34725536993,50.9795471762,0.534230926153,-0.0297248378127,51.3937227963,44.7,12255.0
E05000121,1,0.414786967419,0.337484433375,1.83869596031,47.4559127915,0.553063676412,0.041539265843,51.4323692779,32.33,7491.0
E05000122,1,0.266471449488,0.208616780045,2.0629789483,51.940227704,0.525235671978,0.109502883216,51.3713544829,38.09,11987.0
E05000123,1,0.66504576659,0.520467836257,2.4014348346,44.8180616055,0.52854345534,-0.0483231512124,51.415986485,36.09,13278.0
E05000124,1,0.216662558541,0.149329283726,2.43231525195,52.4466324201,0.523399128904,0.0785016245937,51.3859571251,48.53,10791.0
E05000125,1,0.401015228426,0.281016949153,2.32042378917,48.3334203883,0.529600811908,0.0232783007706,51.4177514339,39.46,11824.0
E05000126,1,0.275009366804,0.153493699885,2.67120726496,51.8943885654,0.523017408124,-0.00167089057469,51.3964236172,48.02,7755.0
E05000127,1,0.260106788711,0.17556655379,2.36106115108,52.6870668707,0.529807104827,-0.0115865682559,51.3779117766,46.21,11457.0
E05000085,2,0.67581120944,0.716136195411,2.06211250141,43.1963674401,0.483823931468,-0.294475330851,51.540458879,31.25,10973.0
E05000086,2,0.62872715614,0.626578282828,2.39306247604,45.2225588643,0.502902155887,-0.27943816654,51.5711188282,34.63,12060.0
E05000087,2,0.603743528475,0.50288248337,2.69289745501,44.2125404769,0.508556301409,-0.218836228503,51.542922566,40.02,10577.0
E05000088,2,0.675044883303,0.681796911558,1.99066762383,45.2032801036,0.508851848017,-0.236595509234,51.5643539773,30.99,9659.0
E05000089,2,0.713309352518,0.694233687405,2.28591851322,43.0211122091,0.499741646573,-0.24167794705,51.5542481602,33.47,11612.0
E05000090,2,0.560947204969,0.581309180733,2.20879120879,45.244206052,0.50053465539,-0.265094188463,51.5820932492,35.59,10287.0
E05000091,2,0.819593787336,0.794631964213,1.89355581128,43.2166395618,0.517414161327,-0.250668090515,51.5408887653,27.03,12174.0
E05000092,2,0.736946202532,0.634899328859,2.32361111111,42.8224589436,0.501369394043,-0.236719743794,51.5349571116,34.64,11684.0
E05000093,2,0.368769606135,0.366382649109,2.52767067362,48.3762428602,0.503363914373,-0.299916037648,51.5812596691,42.19,9810.0
E05000094,2,0.766153846154,0.718739054291,2.53689974726,41.8193933824,0.511375387797,-0.198600688199,51.5368460038,34.27,13538.0
E05000095,2,0.66318537859,0.624649859944,2.7066078502,41.3615597977,0.486446255092,-0.218739125202,51.5538585956,36.83,12764.0
E05000096,2,0.500345303867,0.478279569892,2.66297743056,45.0418816388,0.509082125604,-0.317982183824,51.5690398774,41.1,10350.0
E05000097,2,0.583221925134,0.546411856474,2.42806983322,44.8343205575,0.503184713376,-0.297021169099,51.5661651925,35.96,11932.0
E05000098,2,0.64674983585,0.527073078379,2.8195037717,42.5149630128,0.508757637475,-0.213783518888,51.5351986156,42.88,12275.0
E05000099,2,0.53703129842,0.607942238267,2.19523902821,45.312306193,0.510026452769,-0.272952580835,51.5923408319,35.11,11719.0
E05000100,2,0.832848837209,0.856091277144,1.82820439076,43.8002183406,0.532297273832,-0.266853229174,51.5420371803,25.8,11518.0
E05000101,2,0.641445126108,0.691973111902,2.32933194154,43.7281597254,0.490310245937,-0.314912428767,51.5561930058,33.53,11507.0
E05000102,2,0.67197875166,0.67434595861,2.2877315974,43.2558139535,0.472736410085,-0.278430614742,51.5537147448,33.13,11939.0
E05000103,2,0.62510495382,0.623605150215,2.02540937324,44.9149801587,0.509496993414,-0.257769449041,51.5665868525,31.62,10477.0
E05000104,2,0.64746835443,0.726636475916,2.1834207765,43.0841371919,0.469502819067,-0.297252347269,51.5500016455,31.04,11706.0
E05000105,2,0.736231884058,0.740482822656,2.37018949013,40.6725873298,0.50179007323,-0.234914305399,51.5455052505,31.39,12290.0
E05000285,3,0.317820206842,0.323608617594,2.47423459745,47.5647101713,0.51489660007,-0.310057413357,51.604455996,42.38,8559.0
E05000286,3,0.312789454934,0.217795484728,2.5047786444,50.4781246737,0.528322880842,-0.305780690908,51.6230436495,39.89,9886.0
E05000287,3,0.524977698483,0.610187110187,2.13935268431,44.7344528083,0.50745272525,-0.279541044917,51.6031374622,33.6,8990.0
E05000288,3,0.543161978661,0.514076576577,2.80649466192,41.9706940874,0.499011271505,-0.332120172288,51.5821276204,37.55,10114.0
E05000289,3,0.47956787224,0.445504771472,2.65092570893,45.80207502,0.495594474056,-0.339933892698,51.5682720584,39.63,9193.0
E05000290,3,0.382110091743,0.399004975124,2.27835051546,49.4457845572,0.527951724923,-0.346976299028,51.6144585837,36.94,8783.0
E05000291,3,0.294709388972,0.26881270903,2.58070665989,51.4975460123,0.53304751697,-0.371372244566,51.6101682517,42.35,8397.0
E05000292,3,0.383720930233,0.33970856102,2.69782056425,49.3748704663,0.512797992472,-0.36408626092,51.5943218047,44.47,7970.0
E05000293,3,0.548526863085,0.55098133078,2.69912641316,45.6984760522,0.515179713854,-0.351163592927,51.58680545,39.09,8597.0
E05000294,3,0.513638465095,0.639643861293,2.07565533351,45.4081074655,0.50723811695,-0.295116451563,51.5903814838,32.88,8773.0
E05000295,3,0.385903426791,0.443917169974,2.35639097744,47.0513810861,0.511549295775,-0.316187893912,51.5907099484,38.4,8875.0
E05000296,3,0.610889774236,0.636363636364,2.42057977959,43.8351829469,0.491335587489,-0.334519189928,51.5928455185,34.45,9464.0
E05000297,3,0.323856613103,0.242614145031,2.66689080151,51.2553465602,0.530540574439,-0.389429677297,51.6031161059,43.95,7973.0
E05000298,3,0.322015725518,0.267036450079,2.80100822499,50.5496361746,0.523995958575,-0.385135947032,51.5857691793,49.42,7918.0
E05000299,3,0.512364425163,0.596548507463,2.205,45.3680890112,0.508719973676,-0.296297637728,51.5982202871,35.03,9117.0
E05000300,3,0.466057959508,0.46482635797,2.56228824603,47.3670148166,0.500645615683,-0.375841293785,51.5737815756,40.31,8519.0
E05000301,3,0.608908868002,0.658245291686,2.20258930712,44.417687681,0.518319544429,-0.367769324719,51.5660536887,32.13,9307.0
E05000302,3,0.584980237154,0.640221402214,2.25465024889,45.7580528846,0.502784222738,-0.364636605517,51.5596024377,35.11,8620.0
E05000303,3,0.276714513557,0.225411764706,2.33337345048,51.8873579056,0.534342647223,-0.324806094471,51.6181449055,39.21,8983.0
E05000304,3,0.603009859886,0.647739801544,2.12137657181,44.8126553953,0.512244654163,-0.33709762668,51.5998429333,32.08,8371.0
E05000305,3,0.518721076988,0.501005025126,2.61776746725,46.4963106796,0.511834690044,-0.357318520622,51.5777903264,40.21,7985.0
E05000043,4,0.478301592257,0.394791666667,2.38135738832,48.327890375,0.526555023923,-0.144857790866,51.6285773559,39.8,12540.0
E05000044,4,0.677377892031,0.679419525066,1.983918637,44.104270266,0.539389799636,-0.259648706526,51.6035446138,29.4,13176.0
E05000045,4,0.434556574924,0.360465116279,2.72887786371,44.4227347611,0.52237100971,-0.202687819215,51.5650341105,38.96,15757.0
E05000046,4,0.670601675552,0.709543568465,2.29868016634,41.8804903792,0.511595439386,-0.245563748091,51.5940058906,30.17,12893.0
E05000047,4,0.604244694132,0.484256243214,2.58901438206,44.4987694201,0.512189683366,-0.151829896791,51.6112003816,38.09,13454.0
E05000048,4,0.454913880446,0.363467951093,2.40630925702,47.6894544245,0.524909164312,-0.160938685085,51.6467204635,39.87,12385.0
E05000049,4,0.661556262655,0.540060341938,2.80757016565,45.4915295851,0.53004902736,-0.168968946602,51.5950859359,41.16,12646.0
E05000050,4,0.264371257485,0.246148908858,2.42379443858,47.5455613358,0.52743162324,-0.281723170755,51.6263311766,38.41,12358.0
E05000051,4,0.283971159179,0.205798024849,2.84451515955,47.8350626712,0.52034416211,-0.201249233837,51.5963234017,45.03,12436.0
E05000052,4,0.240483066422,0.137044362814,3.13465242514,48.6213600334,0.541579202325,-0.183342822752,51.5810183753,53.09,12386.0
E05000053,4,0.294793995529,0.253830083565,2.50675385012,45.3340662793,0.524007561437,-0.212750634467,51.5747447945,40.8,13225.0
E05000054,4,0.377375036539,0.34302709848,2.40562248996,47.2508195411,0.528769457136,-0.256793070263,51.6261224756,38.59,12913.0
E05000055,4,0.281951219512,0.23928077455,2.69606818365,43.486272516,0.510226798386,-0.224387583723,51.5910779378,38.53,14374.0
E05000056,4,0.423263327948,0.310615199035,2.68426086957,49.7237043331,0.528885946035,-0.212543410403,51.6549196351,43.94,12082.0
E05000057,4,0.353144989339,0.325668116843,2.62457633798,47.1858534008,0.529170931423,-0.224675314328,51.6138494387,41.92,13678.0
E05000058,4,0.368544600939,0.2849002849,2.5805923885,49.0088392262,0.526264748667,-0.170715247995,51.6344001888,41.67,12374.0
E05000059,4,0.32385620915,0.219426974144,2.7765332354,49.3992292196,0.531630481056,-0.201161698945,51.6298416663,46.15,11745.0
E05000060,4,0.518829754124,0.43146826887,2.19742939582,49.3067406143,0.537880032868,-0.218569926488,51.6442096995,37.04,12170.0
E05000061,4,0.540558510638,0.432959884351,2.87515720634,44.9965846464,0.522303995194,-0.18741314721,51.6071996747,42.05,13316.0
E05000062,4,0.445097319133,0.44749034749,2.40967825861,43.6242043101,0.506267512166,-0.235390966341,51.5783457415,35.09,13562.0
E05000063,4,0.563909774436,0.490405117271,2.59317690398,46.3622342019,0.523008018493,-0.1717638742,51.6109343402,38.22,13843.0
E05000128,5,0.50951986755,0.349707075259,3.22405009552,44.3403281949,0.526840119934,-0.166485505268,51.5461763727,52.68,10339.0
E05000129,5,0.679677819083,0.498596294217,3.09382252183,37.7643101239,0.476176265791,-0.131519628778,51.5220039814,40.34,10053.0
E05000130,5,0.674114021572,0.54186228482,2.97037572254,43.4045763882,0.501529636711,-0.149175515625,51.5403257154,45.84,10460.0
E05000131,5,0.815990357573,0.669234254644,2.81811255034,41.0202550638,0.51761462269,-0.133679775211,51.5450071373,39.06,9793.0
E05000132,5,0.611388196176,0.458891867739,3.1261393046,42.1674651336,0.503528689782,-0.201624602888,51.5530675591,46.8,9777.0
E05000133,5,0.377145659637,0.24708994709,3.3216903344,45.5513536743,0.523888314374,-0.183790923478,51.5545920674,60.31,9670.0
E05000134,5,0.755870445344,0.617738359202,2.61804878049,45.3855847368,0.525483503982,-0.156287501616,51.5528425029,39.99,8790.0
E05000135,5,0.484569322893,0.320439350525,3.38818171202,47.7360925679,0.515360227397,-0.174015202052,51.5603083981,62.84,9147.0
E05000136,5,0.782854832188,0.643331856447,2.55028991971,43.2477961729,0.537136373014,-0.153448100265,51.5466290757,35.73,9694.0
E05000137,5,0.717659883721,0.572390572391,2.94952981788,48.1267754431,0.544479927007,-0.15520892048,51.5645289948,47.84,8768.0
E05000138,5,0.732045359093,0.604420387912,2.83013043911,41.2046303211,0.464052287582,-0.117706625139,51.519012483,40.18,11169.0
E05000139,5,0.836747759283,0.683631921824,2.92059103908,41.8978823529,0.522651234289,-0.140154299105,51.5515115915,41.23,11059.0
E05000140,5,0.745124113475,0.636406176883,2.60025542784,43.5350979354,0.526380493802,-0.190575403201,51.5403287162,34.73,9761.0
E05000141,5,0.797947055646,0.654710920771,2.79433483963,37.0533217731,0.507387677153,-0.121323693601,51.5271357482,32.89,9949.0
E05000142,5,0.780920219502,0.654650645305,2.53346418057,40.0978098091,0.487494397131,-0.142589148405,51.5307928412,34.26,11155.0
E05000143,5,0.851467430208,0.747495826377,2.19993876301,40.9139471639,0.525925238846,-0.130369217523,51.5353279633,30.5,10781.0
E05000144,5,0.53966296753,0.364299610895,3.19398241339,43.7729708662,0.53992826128,-0.176568006322,51.5419621793,50.34,10594.0
E05000145,5,0.631414022718,0.466222222222,3.15529387026,40.2317536493,0.52380952381,-0.191671398768,51.5485197637,46.29,10374.0
E05000026,6,0.796669588081,0.791794871795,2.40780365009,38.3864068973,0.458386547467,0.0790138938189,51.5397290623,33.92,9396.0
E05000027,6,0.625349487418,0.577054794521,1.59692307692,45.2297720798,0.540466766753,0.148274769808,51.5455875677,32.47,7327.0
E05000028,6,0.703748488513,0.663624511082,1.76524953789,44.0401156942,0.521513173797,0.118879066481,51.554492787,33.0,8274.0
E05000029,6,0.614780902551,0.540781357094,1.71796008869,48.2914472748,0.542163718634,0.139965156805,51.5847654657,33.92,7293.0
E05000030,6,0.512573964497,0.48013029316,1.68277785155,48.1094284962,0.524206800657,0.173538376037,51.5536044274,37.4,7911.0
E05000031,6,0.735392881128,0.680882352941,1.71771043771,44.3674584021,0.521361243726,0.105606510419,51.5359070589,32.87,8169.0
E05000032,6,0.814073595868,0.78934769599,1.95598178557,40.9857431239,0.507393939394,0.0847657060591,51.5323913169,29.48,8250.0
E05000033,6,0.663166397415,0.638755980861,1.66204835642,45.5113993711,0.542529025745,0.135559276736,51.5360822439,33.25,7924.0
E05000034,6,0.659744408946,0.622356495468,1.59113712375,46.4975496869,0.551381070821,0.154297203867,51.5574892107,31.34,7639.0
E05000035,6,0.716545012165,0.615490375802,2.0222396651,45.3481481481,0.508981328291,0.0965594764176,51.5438635902,40.57,8462.0
E05000036,6,0.663246268657,0.590425531915,1.55204294661,45.3077804843,0.535437430786,0.119162255103,51.5440228787,31.53,7224.0
E05000037,6,0.629664179104,0.602069614299,1.57225698154,45.8050822123,0.54914621897,0.134971839755,51.5502240193,31.86,6969.0
E05000038,6,0.697514995716,0.688970588235,1.69155617585,45.2957899012,0.535444357571,0.153337487137,51.5260436172,33.49,7674.0
E05000039,6,0.77200236267,0.742951907131,1.93595832695,42.0599854757,0.522547523241,0.118237819037,51.5249549322,32.58,7207.0
E05000040,6,0.679549114332,0.611453744493,1.60517110266,46.2957953543,0.5473967176,0.134130353148,51.5606103508,33.2,7068.0
E05000041,6,0.625386996904,0.596818810512,1.63950753908,45.5647689216,0.526025641026,0.166279004462,51.5390520275,31.96,7800.0
E05000042,6,0.592429022082,0.539772727273,1.91360963316,45.6951186983,0.530976863753,0.142218790901,51.5677614254,37.18,7780.0
E05000475,8,0.722346368715,0.746066196419,2.20991045991,38.8623410378,0.530994460564,0.070228908299,51.5159406941,34.1,11373.0
E05000476,8,0.821077600813,0.84224011713,2.12093117001,41.0686247847,0.465912036637,0.0413651699756,51.5310706197,31.63,11573.0
E05000477,8,0.779179810726,0.783400809717,1.91743892165,41.8135430654,0.497858769932,0.00774083115218,51.5224753186,28.91,10975.0
E05000478,8,0.720636406177,0.686014372582,2.22354460744,39.5868109222,0.489897750511,0.017402070574,51.5128085113,32.87,12225.0
E05000479,8,0.720542874769,0.71725440806,1.95175079049,41.2052434457,0.516777154513,0.0351551214311,51.5120311136,31.84,9805.0
E05000480,8,0.815355329949,0.847493036212,2.29718282112,40.1162114537,0.432018094999,0.0518319876701,51.5326909593,32.38,11937.0
E05000481,8,0.843084308431,0.889966555184,2.24249525723,40.4111808791,0.446205250597,0.0514596487026,51.5426429577,32.34,10475.0
E05000482,8,0.813650306748,0.786905754796,1.94606290901,42.2111165285,0.511082138201,0.0586572367209,51.5247162284,31.43,10738.0
E05000483,8,0.815300546448,0.783075089392,2.37185835747,40.3468957965,0.486687106665,0.019802769545,51.5513724482,34.27,12394.0
E05000484,8,0.825980392157,0.793456838786,2.37690311419,38.8086064937,0.464293577982,0.0200424355578,51.5456972747,34.55,13625.0
E05000485,8,0.819747769917,0.888564002599,2.22395520896,38.6940477247,0.423701842546,0.0370405975851,51.5418479062,31.57,11940.0
E05000486,8,0.844134263875,0.870671378092,2.17913185246,39.766831774,0.434466019417,0.0285036427947,51.5400311958,31.08,11536.0
E05000487,8,0.865992826867,0.859894259819,1.97642455859,40.6672777269,0.479224376731,0.0568534069584,51.5538594513,29.73,11552.0
E05000488,8,0.861240588024,0.847826086957,2.20258090946,40.525217554,0.454954954955,0.0443226612738,51.5500144784,31.58,11322.0
E05000489,8,0.822631166797,0.814609141393,2.06542150429,40.8668198529,0.483196219149,0.0231260745697,51.5318447882,30.74,11426.0
E05000490,8,0.782220496894,0.774317406143,2.06608884074,41.0709917575,0.498815767214,0.0324134560765,51.5240707062,31.75,11822.0
E05000491,8,0.683925346177,0.608019639935,2.68847266217,37.0711111111,0.478471801092,0.0465190537243,51.5029508507,38.58,8245.0
E05000492,8,0.761577608142,0.714218233349,2.65965051628,37.201148188,0.474796195652,-0.00607375618103,51.5401361512,35.84,14720.0
E05000493,8,0.796006144393,0.84956925116,2.20151631689,40.5052600531,0.457779442052,0.0632298467562,51.5362865375,32.33,10682.0
E05000494,8,0.763427109974,0.77147918512,2.19341523342,40.7220883534,0.481977779662,0.0113909888156,51.5355878446,32.31,11791.0
E05000573,9,0.857968828557,0.793148880105,2.41424564216,38.9110656536,0.506442113013,-0.0575756344193,51.5312034261,36.23,10866.0
E05000575,9,0.580961727184,0.579584775087,2.82478932584,36.8970008683,0.477014052267,-0.00795056064116,51.5004819145,43.33,15727.0
E05000576,9,0.811161387632,0.668214436471,2.47456108922,38.8526278722,0.50870292887,-0.0265977248925,51.5368660975,36.8,11950.0
E05000577,9,0.772532188841,0.659071367154,2.53099390628,39.9020571078,0.513323572474,-0.0369971783449,51.5313519895,41.0,10245.0
E05000580,9,0.579950289975,0.719059860448,2.32989880405,39.2526708938,0.480613090307,-0.0258169023713,51.511498018,36.26,12070.0
E05000586,9,0.88,0.754373177843,2.36411634828,38.696322986,0.471837164415,-0.0502499293666,51.5113851395,36.36,11398.0
E05000587,9,0.841666666667,0.7109375,2.64762269939,36.4053621941,0.461018115111,-0.0715686431314,51.5190498658,39.91,8722.0
E05000584,9,0.870319274734,0.812777587974,2.06700937951,40.5183878649,0.499916429885,-0.0434865018061,51.5169726022,32.93,11966.0
E05000585,9,0.564523483812,0.505451373746,3.00869298425,39.4967634366,0.447659574468,-0.064614060936,51.5074154057,50.77,10575.0
E05000588,9,0.833030027298,0.725635103926,2.52716668372,38.826671943,0.479409842189,-0.0701903579553,51.5261451121,37.76,10709.0
E05000589,9,0.824140401146,0.772800645682,2.66372084548,36.1746059545,0.450082101806,-0.062279725747,51.5154314093,37.6,12180.0
E05000146,10,0.601508916324,0.509730538922,2.50273045888,43.5583630445,0.500074827896,-0.0815498942983,51.3807519909,38.07,13364.0
E05000147,10,0.45752465797,0.404409107336,2.12601742794,48.001223875,0.521802062602,-0.0581827357681,51.3842292241,38.6,11054.0
E05000148,10,0.735601212529,0.733451957295,2.23571758191,44.7573887344,0.518921634293,-0.106381502379,51.3971117575,33.53,11944.0
E05000149,10,0.739993595901,0.746488764045,2.11016382481,42.1816323321,0.510099872344,-0.116084887375,51.3796984529,31.0,13317.0
E05000150,10,0.257318952234,0.220588235294,2.22735210653,52.1295080202,0.530095258034,-0.12347279166,51.3049335888,42.66,9553.0
E05000151,10,0.298793470546,0.238980994743,2.41814892976,49.7722673079,0.515800697945,-0.142503414835,51.3219721196,46.61,10316.0
E05000152,10,0.435185185185,0.342326559215,2.66071729247,45.1093300452,0.504830535318,-0.0884607060151,51.3551812433,42.26,12628.0
E05000153,10,0.491825158492,0.394157493649,2.74722107863,43.637808642,0.491327751196,-0.0859208799404,51.3709298652,39.13,13376.0
E05000154,10,0.654436860068,0.637043189369,1.42510460251,45.0947634424,0.568512341561,-0.0179440822357,51.3535014136,26.72,7495.0
E05000155,10,0.329846582985,0.254200929567,2.22949486736,49.1693443768,0.532301740812,-0.0420423250696,51.3568945847,39.77,10340.0
E05000156,10,0.297515110813,0.222476190476,2.45431379687,48.9977552303,0.522321817074,-0.104203434641,51.3184726444,44.16,11491.0
E05000157,10,0.550552251487,0.510433386838,1.43144774688,47.4766648472,0.549506237006,-0.00999756721207,51.3412316638,28.77,7696.0
E05000158,10,0.648394912174,0.599865047233,2.40954239092,46.7901132512,0.520038092215,-0.118917446203,51.4108278557,36.81,12601.0
E05000159,10,0.338956078931,0.247660187185,2.61534896654,48.3252466733,0.518966272449,-0.116561319587,51.3404376909,44.6,11415.0
E05000160,10,0.245742092457,0.174708818636,2.41993481232,51.8442357851,0.522679058491,-0.0806881767676,51.3312331709,47.03,9899.0
E05000161,10,0.746085011186,0.742880390561,2.1697484591,43.5222036195,0.521327737505,-0.092265107858,51.3896046872,31.22,13105.0
E05000162,10,0.23597359736,0.198126801153,2.34251881363,51.5132067234,0.519446205876,-0.0610277254526,51.3434493707,45.32,9462.0
E05000163,10,0.354000590493,0.303905480801,2.13577627772,49.9864442127,0.543954532954,-0.0382647235486,51.3754027112,39.5,10909.0
E05000164,10,0.722486520774,0.636096845194,2.40013674045,44.7624753775,0.522083267374,-0.0781711338366,51.4054975122,34.43,12634.0
E05000165,10,0.750172771251,0.703264094955,2.18515482696,45.0282738095,0.532368044448,-0.0955597821978,51.4034106931,33.72,11879.0
E05000166,10,0.685652038593,0.591394025605,2.40056617127,45.4321548822,0.52461413485,-0.0987488552465,51.4146592194,37.43,12310.0
E05000167,10,0.566117286317,0.513757523646,2.22210953347,45.0326570205,0.526307596513,-0.111565715484,51.3610503358,34.63,12848.0
E05000168,10,0.737626903553,0.739623980135,2.16367673179,44.0793532338,0.524211532335,-0.119046204255,51.3921365167,32.4,12556.0
E05000169,10,0.706769554542,0.622957353527,2.23418162803,43.7283410534,0.53879097348,-0.0663525592281,51.3934671001,33.89,12142.0
E05000555,11,0.446629213483,0.357271095153,2.08270575578,48.272703515,0.512009149828,-0.137927534653,51.3764096887,39.29,7869.0
E05000556,11,0.358585858586,0.308995327103,2.08532874719,48.1580314245,0.531132783196,-0.132369677627,51.3519227753,35.6,7998.0
E05000557,11,0.308337009263,0.212325220093,2.57822410148,49.1808387841,0.520713750936,-0.194000774188,51.3480307053,44.26,8014.0
E05000558,11,0.400828347906,0.26043956044,2.4243635879,47.8787005502,0.516683647478,-0.169652151644,51.3643783044,42.2,7852.0
E05000559,11,0.331818181818,0.241653418124,2.41114542392,49.9728747204,0.520915121159,-0.163219784025,51.3403712366,44.27,7387.0
E05000560,11,0.286898839138,0.200664136622,2.52314016709,51.9935483871,0.522481788495,-0.215985620158,51.3478816189,46.22,7962.0
E05000561,11,0.311721769,0.256215119229,2.16734641856,50.4503712871,0.511856287425,-0.232488851498,51.3704970635,42.64,8350.0
E05000562,11,0.556952081697,0.487226277372,1.7232495069,45.2035175879,0.535833814195,-0.18341112561,51.3822477778,31.04,8665.0
E05000563,11,0.377401646844,0.298797939325,2.0,48.9675949367,0.514621314083,-0.210081665975,51.3788336235,39.21,8173.0
E05000564,11,0.534385569335,0.435326842837,2.25077939893,44.7320392946,0.513898460832,-0.190492793141,51.3653070008,35.66,8706.0
E05000565,11,0.405555555556,0.317194289261,2.05864156019,49.4928099495,0.527826522938,-0.19329945962,51.3749800514,38.06,7978.0
E05000566,11,0.422783323547,0.293042867182,2.58494915254,48.0105907873,0.513318396814,-0.187127959304,51.3560830649,40.46,8034.0
E05000567,11,0.412790697674,0.314573459716,2.54055791233,46.8095470639,0.515133531157,-0.2052219638,51.3623250656,41.61,8425.0
E05000568,11,0.416666666667,0.326516220028,1.97725131242,47.0010508341,0.518579581484,-0.168968894474,51.3744659236,36.79,7885.0
E05000569,11,0.42478327384,0.32870864461,2.27508672748,46.9809928723,0.520513130824,-0.150889539576,51.3672317819,38.71,8263.0
E05000570,11,0.38791322314,0.314864144912,2.27814829345,49.6137931034,0.531095143707,-0.149936471699,51.3545527161,37.96,8072.0
E05000571,11,0.529538904899,0.445643793369,1.89276373147,44.0520692619,0.530881659595,-0.165294578457,51.3849677985,32.33,8484.0
E05000572,11,0.363598150483,0.276418532015,2.2841141756,46.7702547625,0.522249552773,-0.232238393539,51.3801587996,40.61,8944.0
E05000170,12,0.630784708249,0.495987772258,2.64705314942,43.1900343643,0.498674838496,-0.27070400086,51.5148962941,36.5,12074.0
E05000171,12,0.51841595126,0.400802221537,2.77552852014,46.4049803408,0.527117721749,-0.322785681074,51.5235564797,41.73,11026.0
E05000172,12,0.753234750462,0.807744107744,1.98941256831,44.9987945756,0.507124975929,-0.361554227404,51.5158788246,29.35,10386.0
E05000173,12,0.43963963964,0.295667244367,3.20235719038,44.1413820492,0.508008178565,-0.309602469043,51.517063861,45.54,11738.0
E05000174,12,0.498660415271,0.343029845108,2.98436595252,43.9199535963,0.500687521485,-0.295502117003,51.5068591503,43.6,11636.0
E05000175,12,0.680730478589,0.533308099924,2.58138206739,40.9332386364,0.489402173913,-0.260594757967,51.521606024,32.93,14720.0
E05000176,12,0.644851116625,0.533682634731,2.60393174334,43.8142299664,0.517725517726,-0.33396924759,51.5050287548,38.97,11396.0
E05000177,12,0.691933028919,0.632487309645,2.06235294118,44.639515422,0.520318969483,-0.363301128421,51.5322805096,30.5,13042.0
E05000178,12,0.561743341404,0.510272693313,2.28711790393,45.0935062494,0.499637221114,-0.348603053696,51.5423224045,35.42,11026.0
E05000179,12,0.411311053985,0.296971908063,3.027060505,45.5143957148,0.51217730151,-0.293032021681,51.5261991486,44.76,12318.0
E05000180,12,0.647891658972,0.521611001965,2.3585355286,45.8851146901,0.531744536549,-0.340761734656,51.5193889923,36.22,10616.0
E05000181,12,0.726175742574,0.776588628763,2.10836437521,44.9090287278,0.492507960292,-0.370631699955,51.5230285047,32.52,10678.0
E05000183,12,0.567111959288,0.542168674699,2.31285273134,44.9139314369,0.494023554227,-0.332930829201,51.5504247926,36.48,11378.0
E05000182,12,0.544147843943,0.412476129854,3.06883424221,44.4329867404,0.503800519095,-0.315214433692,51.4984860172,48.48,10788.0
E05000184,12,0.610745614035,0.539879608728,2.0525336091,44.9352531352,0.519678714859,-0.371703777829,51.5485001261,31.95,11205.0
E05000185,12,0.684786445464,0.638602065131,1.85559983221,44.6169374219,0.522645512407,-0.3940441355,51.5383144734,28.55,10841.0
E05000186,12,0.725943556613,0.754807692308,2.08061749571,44.7469387755,0.491383325571,-0.360932177575,51.5021534353,29.02,10735.0
E05000187,12,0.564262295082,0.508559919436,2.31941544885,44.6320041699,0.484413074532,-0.323455342729,51.5356439701,36.04,11901.0
E05000188,12,0.61464546057,0.498079877112,2.57115442885,44.0971935802,0.51599479844,-0.277466043769,51.5066630542,34.3,11535.0
E05000189,12,0.82281952825,0.877664233577,1.90200337919,43.6379257441,0.466627577446,-0.383421205504,51.5093280895,27.93,10233.0
E05000190,12,0.830325882036,0.871011084985,1.90452722063,42.2987188132,0.463631366801,-0.389977347051,51.5000399124,27.15,10916.0
E05000191,12,0.426732962855,0.314629948365,3.1293765586,44.1813140333,0.513239590942,-0.2616446056,51.5000302691,50.17,10952.0
E05000192,12,0.564275668073,0.422926192031,3.02338634238,44.1244713572,0.507193572496,-0.315622454788,51.5068991468,46.24,10704.0
E05000324,13,0.678571428571,0.717503519474,1.93645013509,43.9178567594,0.505386272699,-0.407194918681,51.5252019603,31.8,9747.0
E05000325,13,0.691077141841,0.663869257951,1.8752477313,43.5841574559,0.513730929265,-0.433136049335,51.5123376172,30.7,10815.0
E05000326,13,0.405405405405,0.354349095155,2.2670795617,40.679829948,0.479009309679,-0.464182494707,51.5281792918,34.63,11386.0
E05000327,13,0.261554621849,0.227272727273,2.25543740938,49.4689376443,0.526752664049,-0.396544438307,51.5703227875,43.97,8915.0
E05000328,13,0.476821192053,0.4375,1.92634325703,46.4803788904,0.513888888889,-0.426776889221,51.5322936575,35.41,9288.0
E05000329,13,0.23,0.179635258359,2.53707568933,51.8648792993,0.517955086412,-0.412253058889,51.5831624314,47.38,9663.0
E05000330,13,0.250403877221,0.244705882353,1.96473412112,49.7060590002,0.522015823873,-0.476235996856,51.5984686169,37.99,5814.0
E05000331,13,0.518025513034,0.482041587902,2.05874054123,43.4490674319,0.473265436028,-0.458715601831,51.477296379,33.17,9426.0
E05000332,13,0.391095591445,0.316888045541,2.07111212087,45.9312445605,0.508692919983,-0.437820554959,51.5425829482,37.25,9548.0
E05000333,13,0.218794326241,0.152017291066,2.46496150333,52.1346567202,0.518992009834,-0.460322855267,51.5647337605,48.77,8135.0
E05000334,13,0.261472785486,0.204112149533,2.26017353049,48.7591156384,0.519423488346,-0.413827419141,51.568641715,43.46,8881.0
E05000335,13,0.267315175097,0.184840425532,2.7375526381,51.3678682263,0.52972027972,-0.436693774263,51.6057672861,46.55,8580.0
E05000336,13,0.309090909091,0.22461116194,2.45360946746,49.7657433578,0.53115042303,-0.409580325282,51.5988369421,43.32,9101.0
E05000337,13,0.662790697674,0.698499317872,1.94733924612,43.4674780527,0.504061932524,-0.433479391333,51.4986152877,31.83,10463.0
E05000338,13,0.374238875878,0.323880597015,2.17038978801,45.5678451725,0.50753611053,-0.408677355273,51.5551909158,40.06,9554.0
E05000339,13,0.712264150943,0.715757835981,1.88202674785,43.7561887441,0.497973364215,-0.409755168771,51.5115305101,30.43,10362.0
E05000340,13,0.320015366884,0.242060085837,2.4072211044,48.1074495492,0.513676547062,-0.464559639986,51.546981214,41.47,9615.0
E05000341,13,0.476597886261,0.378843147473,2.51539234493,38.8369391736,0.494408475574,-0.484462763972,51.5350475914,34.27,11893.0
E05000342,13,0.466115702479,0.402249598286,1.92906343169,45.0205645552,0.517833800187,-0.470348124275,51.5026566755,32.68,10710.0
E05000343,13,0.256449749711,0.185875216638,2.37681525445,49.2971400873,0.517819211706,-0.437982091092,51.5810520434,43.47,8474.0
E05000344,13,0.665580448065,0.679694947569,2.08638619712,42.7861358515,0.513730330145,-0.389087933747,51.5232236607,33.24,9723.0
E05000345,13,0.488450704225,0.446743761412,1.9218153224,43.1498611408,0.504576776715,-0.466136205256,51.5159839875,32.34,9723.0
E05000193,14,0.728119180633,0.637196518552,2.46651694569,43.4709328939,0.507354884172,-0.109489516283,51.6113392263,36.3,11353.0
E05000194,14,0.462809917355,0.364821995065,2.26257253385,49.5735609665,0.522826086957,-0.0784951276622,51.635194611,41.8,11040.0
E05000195,14,0.484060095273,0.384799044966,2.09005667182,47.1028986951,0.537533770745,-0.102273319014,51.6772499106,36.35,10364.0
E05000196,14,0.344546048334,0.254777070064,2.37855833253,49.3963574916,0.532316302582,-0.149938056101,51.6608762736,43.57,11078.0
E05000197,14,0.829794890248,0.806623931624,1.68472688704,43.1831140351,0.539836609237,-0.0535782025012,51.6187078192,26.01,12363.0
E05000198,14,0.699152542373,0.60823875578,1.66946484785,44.7255010622,0.533557343709,-0.0300965024572,51.6578433488,29.45,11309.0
E05000199,14,0.72089376715,0.642857142857,1.87384933308,43.457414966,0.545192811028,-0.0233784112437,51.673121727,30.24,11462.0
E05000200,14,0.346810422282,0.250165016502,2.50958533028,50.3989658319,0.511559272012,-0.0914370647551,51.6442208046,45.96,10165.0
E05000201,14,0.753497164461,0.728436911488,1.8140062376,44.400179937,0.535031847134,-0.0744317854291,51.624105023,29.6,11618.0
E05000202,14,0.35506110937,0.280522230064,2.34819897084,49.8852298344,0.520343020486,-0.109523513401,51.6574755243,43.54,10495.0
E05000203,14,0.711954304366,0.647856517935,1.78723845038,46.216530734,0.526586620926,-0.0408713703126,51.6346447598,30.8,10494.0
E05000204,14,0.783941039566,0.7604743083,1.76170536734,44.3258293839,0.545557788067,-0.0449090991293,51.6262292973,28.11,11447.0
E05000205,14,0.649337410805,0.533537753929,2.29328261273,45.8112112286,0.518007854934,-0.0994954863484,51.6191092576,37.97,11967.0
E05000206,14,0.785930082003,0.735046521932,1.82604412924,43.0953453453,0.530222978419,-0.0332693999488,51.6444868874,28.56,11167.0
E05000207,14,0.653235653236,0.554292929293,1.98570400082,44.4872767189,0.536797779692,-0.06103699498,51.6529695067,33.26,10449.0
E05000208,14,0.491949297705,0.358286629303,2.56857359348,46.4200198933,0.529262309445,-0.123000756616,51.6362236027,41.52,11414.0
E05000209,14,0.51607557176,0.417741305197,2.54800679389,47.3869143019,0.50893508388,-0.126527776804,51.6188274057,42.75,10968.0
E05000210,14,0.409559244419,0.3178220956,2.30860095976,48.3235320324,0.529676414605,-0.0782215185206,51.65912172,42.3,11558.0
E05000211,14,0.662483191394,0.568338249754,1.66757722211,45.7930367505,0.542029552794,-0.0457283806226,51.673803968,28.96,10219.0
E05000212,14,0.785975407112,0.761796042618,1.78831919119,43.8565852003,0.538716993358,-0.0654318723315,51.6111347918,28.48,12346.0
E05000213,14,0.466507177033,0.362418537292,2.61304961678,48.0436293436,0.516068408194,-0.1047904848,51.6301258524,45.88,10642.0
E05000266,15,0.694846749747,0.537450199203,3.12173811743,45.7301113535,0.520463923274,-0.13297038709,51.5986072381,51.45,8967.0
E05000267,15,0.783277870216,0.711403097137,2.47611515343,42.3654652937,0.512333791839,-0.122429592228,51.6051677809,34.55,10905.0
E05000268,15,0.870320855615,0.845646437995,2.11018867925,42.3735382236,0.503927548286,-0.0759255245465,51.593284539,30.34,10821.0
E05000269,15,0.725611745514,0.55510534846,3.34278085849,43.1979644781,0.499805333852,-0.129033248292,51.5780711335,52.07,10274.0
E05000270,15,0.66782729805,0.494710114262,3.09204061579,45.612423164,0.531086455935,-0.154006813106,51.5924182961,49.95,9554.0
E05000271,15,0.83615819209,0.743494423792,2.80517063082,39.6065144141,0.485811781609,-0.103489839509,51.5789753497,37.15,11136.0
E05000272,15,0.591376582278,0.393119266055,3.31856378915,44.0528438031,0.506808335053,-0.152649500205,51.5767561787,53.71,9694.0
E05000273,15,0.840112201964,0.724005134788,2.84413125789,42.2755841241,0.514466278266,-0.11875759328,51.5865190206,40.26,10127.0
E05000274,15,0.700639204545,0.497177419355,3.18863636364,46.2593787336,0.522700949734,-0.137274073897,51.5863499986,53.91,8634.0
E05000275,15,0.835520149953,0.773797841021,2.31940672655,41.180935149,0.517839218907,-0.106537130163,51.5943709573,30.62,10959.0
E05000276,15,0.894761459308,0.863879003559,1.73191394493,43.0964440769,0.512579239303,-0.0598443014411,51.604189578,25.09,10096.0
E05000278,15,0.8,0.704012713548,2.08981605179,41.5242070117,0.505057675244,-0.0788841179014,51.5776947001,33.5,11270.0
E05000277,15,0.85428907168,0.807848443843,2.37054870097,40.9918091168,0.480452674897,-0.0903895855105,51.5821629703,32.46,11664.0
E05000279,15,0.853767560664,0.738528481013,3.11583433505,41.4708779443,0.505341769526,-0.110632058826,51.5750546996,44.78,9641.0
E05000280,15,0.873797614467,0.823349365982,2.16197551533,41.8625982432,0.509708307474,-0.0727216499469,51.5852778387,28.92,11279.0
E05000281,15,0.843424604705,0.832043695949,1.95393152549,41.4673882085,0.507840663302,-0.0596244322143,51.5936642714,27.34,11096.0
E05000282,15,0.842885771543,0.778591033852,2.15222197656,42.5833000798,0.497938440886,-0.0906999020446,51.5923069027,31.11,10429.0
E05000283,15,0.852678571429,0.817584638706,1.75062020083,43.9261459151,0.547793326157,-0.0845972854431,51.6036435113,27.01,9290.0
E05000284,15,0.81010989011,0.759445241511,2.31310301899,41.4567845133,0.505779334501,-0.104407533845,51.6023044203,32.01,11420.0
E05000214,16,0.692025664528,0.645131938126,1.92333203277,44.8757301677,0.534446952596,0.113680670654,51.4882798512,31.54,11075.0
E05000215,16,0.575338253383,0.405510420346,2.99506708761,46.6184453741,0.512531920931,0.0167339991992,51.4747042041,49.16,10573.0
E05000216,16,0.713874910137,0.606920684292,2.35477832512,44.3844908069,0.52201027146,0.0353970175116,51.4820745184,37.94,10904.0
E05000217,16,0.377218324391,0.311004784689,1.92228571429,49.2432323639,0.514768752429,0.0596621629658,51.4336308938,38.39,10292.0
E05000218,16,0.4416918429,0.353413654618,2.23096746483,49.8347944062,0.518593575844,0.0610860227153,51.4587755562,43.12,9869.0
E05000219,16,0.388821385176,0.327298050139,2.12362378106,45.8976515229,0.532780487805,0.0689419777878,51.4467820752,37.12,10250.0
E05000220,16,0.616179001721,0.526240115025,1.7348608838,46.6376269375,0.528806584362,0.0366538278442,51.458971414,34.25,7776.0
E05000221,16,0.769765739385,0.730263157895,2.13860733416,41.4792598304,0.492112634527,0.0812062388377,51.4874706375,31.69,13566.0
E05000222,16,0.672496025437,0.547211082756,2.86968021159,39.7473253619,0.507374410422,-0.00672035379417,51.4767740604,42.27,13357.0
E05000223,16,0.603377453218,0.506769825919,2.13496394465,45.3832752613,0.515220354384,0.0391272446794,51.4710510425,35.74,11005.0
E05000224,16,0.595735607676,0.464173050924,2.05184570718,47.5017258883,0.529209621993,0.028109971307,51.4515677213,35.34,10185.0
E05000225,16,0.652621722846,0.547658175842,2.77962420923,40.6938461538,0.501787115334,0.0116451322978,51.4915121474,41.84,11471.0
E05000226,16,0.722222222222,0.696536796537,2.04496321192,43.1450413921,0.49782011949,0.0987977885935,51.4836204232,32.39,12386.0
E05000227,16,0.632188065099,0.552724421795,2.23544973545,46.8942461909,0.507773027594,0.0751891802839,51.4714210283,39.03,10292.0
E05000228,16,0.717311233886,0.736888497135,2.26203208556,40.3831832748,0.491566441772,0.101352445329,51.5016966091,34.45,13636.0
E05000229,16,0.781996587031,0.769638554217,2.0865904458,40.609309846,0.489101369419,0.0610899169749,51.4809091155,30.26,12341.0
E05000230,16,0.743060498221,0.686032630322,2.3296407416,40.2846193529,0.49510804533,0.0525653800722,51.4913448426,33.54,14207.0
E05000437,17,0.742517814727,0.657052962769,1.9037081944,45.5898235695,0.545898254177,-0.0251026959755,51.4278316498,31.34,10654.0
E05000438,17,0.647158322057,0.509750390016,2.87976650033,44.1170094497,0.515344580043,0.00109693321055,51.4666953759,44.87,11144.0
E05000439,17,0.842737430168,0.746738296239,2.84490353942,38.7701453104,0.502561942865,-0.0302751404693,51.4692093553,38.1,14247.0
E05000440,17,0.75918236985,0.644099848714,2.34524581057,46.4264277919,0.533374104491,-0.00860991757763,51.4393538126,39.07,11446.0
E05000441,17,0.80261627907,0.665930018416,2.65842167256,43.5309641098,0.519447287615,-0.0387505083978,51.4492575401,42.56,11724.0
E05000442,17,0.673251468233,0.592059838895,1.72099363829,46.7494589809,0.555492370391,0.0015775146056,51.4243468327,30.88,10551.0
E05000443,17,0.808051761323,0.769100169779,2.31154879141,39.8061764204,0.506708697058,-0.0356138891539,51.4861387911,30.56,12372.0
E05000444,17,0.745735944409,0.593738067965,2.71468636066,44.248472871,0.50471862985,-0.0580633205778,51.4405827617,40.96,11444.0
E05000445,17,0.602632661456,0.495192307692,2.11557549151,46.6130792711,0.544174021574,0.023284847059,51.4358667616,36.15,11217.0
E05000446,17,0.835599879118,0.730726256983,2.72812705573,42.3256777448,0.500475572849,-0.0256016517196,51.4589557475,40.29,11565.0
E05000447,17,0.690003057169,0.56499661476,2.69437470944,44.7641696751,0.512739965096,0.00705144987671,51.4524827504,42.76,11460.0
E05000448,17,0.785430058157,0.693574297189,2.58465189873,41.437850782,0.498015729851,-0.00968206167056,51.4561227874,35.76,13859.0
E05000449,17,0.853827502598,0.809263157895,2.42188211715,39.5622956462,0.505349995916,-0.0401698803848,51.4796850751,31.52,12243.0
E05000450,17,0.75834797891,0.635754583921,2.55045547006,44.1411390774,0.517535859381,-0.0443661452466,51.436359564,39.13,12061.0
E05000451,17,0.815213062525,0.743687470224,2.32958435208,43.5486553923,0.511619624254,-0.0206096638225,51.4459621638,34.67,11231.0
E05000452,17,0.730649188514,0.614845938375,2.38519704653,45.4206078197,0.516413724843,-0.0568150441248,51.4274717151,37.06,12124.0
E05000453,17,0.87223796034,0.797868561279,2.67911133383,40.5933311804,0.500232486051,-0.0444672578465,51.4674767971,37.23,12904.0
E05000454,17,0.736054421769,0.630816959669,1.87625944584,46.1964194373,0.544709830241,0.000183330187299,51.4332191081,32.84,10132.0
E05000306,18,0.425287356322,0.368421052632,1.8818537859,46.6356603258,0.527283874923,0.165146851025,51.5728852921,35.25,11417.0
E05000307,18,0.208675649031,0.206370272064,1.98492462312,53.3591585428,0.530414838452,0.264665252966,51.5698741739,42.25,10028.0
E05000308,18,0.358072916667,0.356194690265,1.6440275981,50.7697147651,0.534479271992,0.197166254652,51.5420905737,34.73,9890.0
E05000309,18,0.217782577394,0.187654320988,1.978832515,52.1644961571,0.517259198016,0.231729926994,51.5750982284,43.79,9676.0
E05000310,18,0.453224869262,0.422929936306,1.45712909441,47.2149460709,0.533222283916,0.231182280734,51.61492856,29.4,10806.0
E05000311,18,0.253526354863,0.262649671688,1.78752017214,51.3731062585,0.519983769527,0.219038364944,51.5505002347,39.74,9858.0
E05000312,18,0.309778142975,0.296953160528,1.8294695071,49.5414579286,0.519734889702,0.246633056862,51.5922769796,37.01,10109.0
E05000313,18,0.265327150953,0.262339055794,1.58166862515,49.0456448911,0.539783641694,0.17429290028,51.6130027028,33.59,9891.0
E05000314,18,0.446111111111,0.421122112211,1.44181656673,49.5509782609,0.543391047297,0.208809529186,51.6047184688,29.56,9472.0
E05000315,18,0.28938547486,0.264413518887,1.85019495178,49.8263072558,0.51708984375,0.198371171879,51.5634949686,39.89,10240.0
E05000316,18,0.274439461883,0.240458015267,1.62547811305,49.9595228385,0.529948433161,0.160049259611,51.591493083,35.82,10084.0
E05000317,18,0.197372969236,0.186705412278,1.80663545695,52.2689333862,0.525213716262,0.186591043165,51.5925778701,40.01,10411.0
E05000318,18,0.397267759563,0.342661336379,1.58567354103,49.4671486285,0.526180698152,0.20958474082,51.5116146383,34.47,9740.0
E05000319,18,0.363636363636,0.286497890295,2.07206301324,46.1144383296,0.520271853761,0.18866503697,51.5772233042,37.16,12801.0
E05000320,18,0.269642198451,0.262695685376,1.78801888648,51.6069480333,0.534024627349,0.217498016356,51.5597901398,38.13,10801.0
E05000321,18,0.425429184549,0.367120524458,1.53838970741,49.3471747436,0.518007960392,0.181124943853,51.5249356759,33.16,10301.0
E05000322,18,0.241061555474,0.195204038704,2.06006185773,48.399588558,0.517038443284,0.212457062103,51.5826809466,41.74,10535.0
E05000323,18,0.205499704317,0.178769130576,2.15769622834,53.2137056843,0.52276462059,0.272784709567,51.5452679248,47.58,10345.0
E05000495,19,0.553299492386,0.544979469951,2.25804493018,46.1383182953,0.523518518519,0.109074020512,51.5902705021,37.31,10800.0
E05000496,19,0.48343373494,0.441424196018,2.39316432775,47.5816042781,0.50959752322,0.0685721720071,51.5812968903,39.62,9690.0
E05000497,19,0.38800172637,0.346806387226,2.186537773,47.338728191,0.522679383387,0.0471824502477,51.6074059889,39.32,9017.0
E05000498,19,0.624068157614,0.552838024919,2.19553365485,44.9174820942,0.529303675048,0.123559400807,51.5752708195,36.7,10340.0
E05000499,19,0.455777192322,0.326086956522,2.73945523503,45.476340694,0.512497283199,0.0219440971958,51.5975322158,45.41,9202.0
E05000500,19,0.516894722145,0.500875656743,2.38060525734,48.1483470204,0.517307692308,0.0521336815627,51.5850407528,41.45,9880.0
E05000501,19,0.787007454739,0.801579925651,2.31346975489,41.3175022882,0.483144982131,0.0812167431519,51.556968756,30.23,10353.0
E05000502,19,0.644638807904,0.560612505317,2.44126948272,45.5470475786,0.48377250992,0.0590453667532,51.570750181,38.29,9829.0
E05000503,19,0.409803921569,0.377383015598,2.04614348265,47.0635107636,0.52208087703,0.0841111271927,51.6003637624,37.56,9669.0
E05000504,19,0.476391825229,0.382046834345,2.03645025482,48.8011067362,0.531516709512,0.0675837091848,51.5938887062,35.69,9725.0
E05000505,19,0.712842712843,0.686826066573,2.28490432318,42.672489083,0.492227438706,0.110626848394,51.5616193209,33.82,9585.0
E05000506,19,0.456113647894,0.411111111111,1.73780760626,47.9168193083,0.542687376212,0.125386150326,51.6104262463,31.52,9593.0
E05000507,19,0.817997977755,0.850705329154,2.21666330442,41.5134184712,0.499469683578,0.0747510810729,51.5499195279,28.5,11314.0
E05000508,19,0.654472896575,0.65008291874,2.19458073149,45.5397357937,0.503063787042,0.0970658951,51.5542026839,35.63,9955.0
E05000509,19,0.281895937277,0.181855500821,2.57207094679,52.2667647419,0.520061912132,0.0266366115364,51.6151192591,48.78,8399.0
E05000510,19,0.675433982115,0.684678747941,2.35765682657,43.8608346429,0.507612514639,0.0900484878254,51.5713411083,35.55,11954.0
E05000511,19,0.537848605578,0.39924134661,2.4542840024,45.4372125115,0.51721074839,0.0376613161148,51.5940367931,41.04,9006.0
E05000512,19,0.692233940556,0.695272149384,2.29392276633,43.2622888952,0.491158426561,0.107950373839,51.5713905204,34.48,11084.0
E05000513,19,0.488197057817,0.3828125,2.76334384172,48.3483064096,0.53628950051,0.0212271860121,51.5832119706,45.16,9810.0
E05000514,19,0.749221722587,0.716884328358,2.45578821742,42.7024502912,0.488479706931,0.0687103199951,51.5629801819,34.9,10373.0
E05000515,19,0.546223564955,0.452433628319,2.65075845974,48.9635697102,0.527367602975,0.0327777373126,51.5672929362,46.37,9007.0
E05000416,20,0.675386444709,0.545949214027,2.77878826694,40.385046729,0.483729216152,-0.113896463391,51.5008791651,40.36,8420.0
E05000417,20,0.800307219662,0.680195415257,2.81352955933,39.599646558,0.50114521301,-0.123921079424,51.4528451866,39.05,13098.0
E05000418,20,0.565069784987,0.412900188324,3.2250399361,39.3170492447,0.505144032922,-0.139660435664,51.456250687,49.52,10692.0
E05000419,20,0.633915574964,0.486786018755,3.08384778402,39.5410505307,0.503741935484,-0.141717737033,51.4652118323,44.96,11625.0
E05000420,20,0.884497313891,0.866493120119,2.4237537928,40.4546655656,0.506364922207,-0.10850765108,51.4637323456,32.22,12726.0
E05000421,20,0.745954692557,0.665550439514,2.90083560709,38.080474934,0.493711904946,-0.121803599806,51.4637597474,39.48,12961.0
E05000422,20,0.771659324523,0.659411011524,2.46519648829,43.0252413516,0.542192046557,-0.0919546165887,51.4274587923,36.65,10310.0
E05000423,20,0.817053426875,0.709084722695,2.90542357687,41.2779836277,0.50931985751,-0.101316246774,51.458917495,41.7,12071.0
E05000424,20,0.781011781012,0.691302572479,2.5071118733,43.9007827973,0.528629949932,-0.107927033159,51.4293109138,36.95,10985.0
E05000425,20,0.741719745223,0.656262042389,2.79758903246,38.5858984079,0.500142511045,-0.128895141812,51.4688321826,37.26,14034.0
E05000426,20,0.748272098945,0.604868154158,2.89041807323,39.624979525,0.457948316366,-0.117911527713,51.4824874485,39.2,12770.0
E05000427,20,0.73952,0.618466898955,2.67532833021,42.3984543494,0.475976882602,-0.114014639274,51.4901830928,37.6,11593.0
E05000428,20,0.708512752567,0.549668874172,2.79929610958,40.7422272967,0.507527063599,-0.13349132519,51.4299498002,39.88,11824.0
E05000429,20,0.740250696379,0.669427710843,2.58384368621,40.7281596452,0.480356385235,-0.124372658072,51.474885506,35.05,11785.0
E05000430,20,0.735989633949,0.578857630009,2.76556562409,41.9123061576,0.512199403195,-0.122184818363,51.4407793535,39.25,11394.0
E05000431,20,0.734111989007,0.637171717172,2.41889501613,44.5879966028,0.508700380642,-0.130387868296,51.4173685239,36.71,11034.0
E05000432,20,0.742557510149,0.622723330442,2.68065200617,41.6803878361,0.518827029324,-0.121891942359,51.4299763896,38.27,11765.0
E05000433,20,0.698807495741,0.593874303898,2.74829169934,41.5226022225,0.529393596211,-0.136783096148,51.4470047483,41.88,9713.0
E05000434,20,0.731294729993,0.578131212724,2.84122789185,43.0808298268,0.520611702128,-0.100652711195,51.4411945184,41.6,10528.0
E05000435,20,0.847739157182,0.774425287356,2.62081984898,40.6538163669,0.517523557613,-0.115257734153,51.4496562421,35.61,12098.0
E05000436,20,0.78962628866,0.697047496791,2.57622513343,40.906372275,0.496016994158,-0.109098524178,51.4748450063,34.83,11298.0
E05000534,21,0.847254447022,0.77422108408,2.61102878916,41.1286988245,0.51521929398,-0.0851155007411,51.4736775132,36.31,10283.0
E05000535,21,0.854611211573,0.797517455392,2.33672875437,42.0150464006,0.507150905781,-0.0956374030188,51.4771170972,31.84,11537.0
E05000536,21,0.738427947598,0.544086021505,2.80839114635,38.5705511556,0.477985984156,-0.100971856788,51.5017088723,40.43,13128.0
E05000537,21,0.751403368083,0.619609438568,2.91274131274,36.8699875467,0.502200911806,-0.091424590161,51.4975113533,37.78,12722.0
E05000538,21,0.684870848708,0.535405872193,2.77078495123,45.9883325782,0.531765992346,-0.0770970622773,51.4359950647,42.6,9145.0
E05000539,21,0.752083333333,0.58426073132,2.96795007404,42.7386666667,0.530834582709,-0.0730888063107,51.4548328038,48.67,10005.0
E05000540,21,0.810447761194,0.710084033613,2.29714912281,41.0034180244,0.503494975972,-0.0835925660131,51.4885236534,31.01,9156.0
E05000541,21,0.840844266971,0.784037558685,2.12700832649,41.8789237668,0.504391468005,-0.0883018463379,51.4847027614,30.76,9564.0
E05000542,21,0.702016129032,0.537593984962,2.71667923264,38.3336307592,0.49528957529,-0.0786788124427,51.4967833891,38.5,12950.0
E05000543,21,0.823555359506,0.797235023041,2.0762005277,42.990126658,0.521339712919,-0.0607622087491,51.4823905368,28.88,10450.0
E05000544,21,0.828988529718,0.705601907032,2.42516479256,41.1766800584,0.497147871874,-0.101334062239,51.4863276473,34.19,11395.0
E05000545,21,0.849925705795,0.778887923545,2.29183715221,42.8548027527,0.498455490031,-0.0543818291183,51.4680728193,33.54,10683.0
E05000546,21,0.875398089172,0.858367499068,2.23508304285,41.2573802542,0.523516237402,-0.0732540269309,51.4777516743,30.03,10716.0
E05000547,21,0.78272,0.648512939359,2.78503730591,42.6449657869,0.52955127597,-0.0576040609841,51.4557706879,42.82,10541.0
E05000548,21,0.619789280806,0.41067761807,2.92016584333,39.4371011085,0.469469953279,-0.0706857492571,51.4998512757,43.11,12414.0
E05000549,21,0.652737752161,0.528579205226,2.57626272709,39.9240707799,0.512138104657,-0.0515321968506,51.4968886901,36.97,11122.0
E05000550,21,0.710976282405,0.605908584169,2.18055701524,41.0821568627,0.515663332704,-0.0670134893783,51.4895360071,31.15,10598.0
E05000551,21,0.827650805545,0.699092088197,2.82137834037,41.2266709035,0.536804853387,-0.0834618924865,51.4632418344,41.13,9890.0
E05000552,21,0.558549730524,0.358045977011,2.9929544387,38.6185733513,0.488955737,-0.039323642179,51.4994445071,45.41,11635.0
E05000553,21,0.852286401925,0.753873239437,2.54265846483,42.730903517,0.520289140792,-0.0688569644485,51.4682725198,37.94,12174.0
E05000554,21,0.58234928527,0.397034041119,3.17180371648,46.7886563133,0.531027689614,-0.0868042088248,51.449811325,58.4,9137.0
E05000455,22,0.571546391753,0.438587243015,3.04332083279,40.9913242559,0.514535901926,-0.19111512033,51.4141085191,45.37,8565.0
E05000456,22,0.480292563998,0.377722772277,2.4127196902,48.820303712,0.505290287575,-0.214527436296,51.4008899462,42.32,7372.0
E05000457,22,0.725,0.645130183221,2.71349306431,40.4861801781,0.48602484472,-0.173778317605,51.4182164962,38.78,9016.0
E05000458,22,0.709582102153,0.710280373832,1.91471017376,45.0979767014,0.53412042503,-0.164189626783,51.3978187063,29.93,8470.0
E05000459,22,0.466287215412,0.31390593047,3.21226415094,42.4784071035,0.514544025157,-0.213273561104,51.4135313204,49.91,7632.0
E05000460,22,0.781147241505,0.779552715655,2.06379498364,43.8749530605,0.509641873278,-0.157784322291,51.4080432129,30.86,8349.0
E05000461,22,0.785578023655,0.731718464351,2.39910383189,43.6940596697,0.479492437836,-0.153316296658,51.4169033958,35.58,7802.0
E05000462,22,0.355566454144,0.23442808607,3.33692219351,44.8631790744,0.514857965702,-0.213340496904,51.4204676636,51.48,7639.0
E05000463,22,0.746789933231,0.719350961538,2.33347927612,41.5362091503,0.51213989181,-0.17141158032,51.4111927533,33.36,7949.0
E05000464,22,0.706136560069,0.652663934426,2.1716916679,45.342593866,0.522552401167,-0.141419364997,51.4077429699,34.35,7538.0
E05000465,22,0.441491841492,0.380104712042,2.04413580247,48.4052486588,0.511167298778,-0.222239692572,51.3884595091,38.73,7119.0
E05000466,22,0.496557000765,0.387065637066,2.88732600733,47.3705801105,0.507932239849,-0.200983599674,51.4062607923,46.3,7438.0
E05000467,22,0.754818467055,0.688988095238,2.00321402484,45.9153857002,0.527714093055,-0.140439835333,51.3981692569,31.94,7415.0
E05000468,22,0.617834394904,0.612267867192,1.98939773229,46.2930752454,0.51344227728,-0.182044403982,51.3961429151,32.33,7588.0
E05000469,22,0.397629750715,0.278536585366,3.01138439916,47.0014619883,0.528625210957,-0.235497193401,51.4109308656,49.34,7703.0
E05000470,22,0.573978393612,0.572616407982,1.93949270228,46.5788849348,0.517193249588,-0.198915285266,51.3921279127,32.53,7881.0
E05000471,22,0.515579559618,0.328256302521,3.13598269803,41.6172378253,0.507552115841,-0.191800373837,51.4220981299,47.38,8011.0
E05000472,22,0.196253345227,0.118719211823,3.23185452265,51.6266666667,0.517020005972,-0.231481644918,51.4272778606,62.2,6698.0
E05000473,22,0.46204620462,0.398133748056,2.64882750683,47.0829841871,0.518168699987,-0.235110087533,51.3982927742,44.17,7623.0
E05000474,22,0.451828410689,0.307692307692,3.17630272953,42.857331572,0.517993963316,-0.19729116574,51.4324562135,50.73,8614.0
E05000610,23,0.499002564833,0.298175787728,3.33462565693,40.1751249682,0.51098275301,-0.151869864954,51.4499116374,53.42,12292.0
E05000611,23,0.657091097308,0.422601136744,3.16171732126,40.0317744271,0.517591228931,-0.148065622492,51.4357125652,46.41,12222.0
E05000612,23,0.579345088161,0.372748895685,2.95750519751,39.1841828904,0.535467329656,-0.185684267809,51.4401052041,44.36,12871.0
E05000613,23,0.411134266151,0.249171880751,3.25157286176,42.0184039219,0.527380211574,-0.212708002213,51.4558188796,49.01,12856.0
E05000614,23,0.452316076294,0.30706921944,3.21557446809,39.0113767519,0.503643852978,-0.188072580008,51.4587900661,48.59,12624.0
E05000615,23,0.797081623347,0.643645537685,2.60254716981,44.0204063526,0.525459809264,-0.146489823844,51.4245978084,38.24,11744.0
E05000616,23,0.771267467517,0.664238640305,2.72033195021,41.04737156,0.523762781186,-0.162746454786,51.4255003915,37.96,12225.0
E05000617,23,0.650799418605,0.594365109996,2.52186615539,41.1503857155,0.542788897125,-0.168759963544,51.468408428,34.99,12141.0
E05000618,23,0.568944099379,0.340489768534,3.20274763738,41.867906818,0.524158970976,-0.159923992358,51.4431237973,50.79,12128.0
E05000619,23,0.437519002736,0.28891184573,3.37663376901,40.1305589202,0.512852717073,-0.16342796795,51.4577780841,55.81,11943.0
E05000620,23,0.555398729711,0.455209534794,2.88210919727,39.9099825135,0.512854030501,-0.14715353324,51.4775347321,39.58,13770.0
E05000621,23,0.56511627907,0.534552845528,2.33829391443,41.0429372013,0.554915095809,-0.240637875582,51.448520727,30.32,12838.0
E05000623,23,0.476422764228,0.329341317365,3.12376970647,39.5445129259,0.516168645108,-0.157851607418,51.4653615108,50.41,12215.0
E05000624,23,0.484803188839,0.346886912325,3.08121615993,41.4574992056,0.524150130749,-0.198646428276,51.4472424499,48.16,13002.0
E05000622,23,0.471927162367,0.325256975037,2.96862404173,42.0348837209,0.50590747331,-0.172514776351,51.4735611793,44.72,14050.0
E05000625,23,0.356883116883,0.222643896268,3.38644531919,41.825329684,0.521287726358,-0.218262462788,51.4652012925,55.38,12425.0
E05000626,23,0.771180474067,0.646568313021,2.69496909341,40.5497165992,0.519224853891,-0.172336521427,51.4302137412,36.0,13004.0
E05000627,23,0.449704142012,0.239231278993,2.95296380486,42.5137901861,0.466819973719,-0.175880065423,51.4471050751,51.42,12176.0
E05000628,23,0.478162406988,0.395191585274,2.73239192584,42.5873383363,0.529176289453,-0.214407014416,51.4445828168,40.36,12990.0
E05000629,23,0.410197368421,0.296310832025,2.79824965454,45.1106241234,0.543283833952,-0.233772070437,51.4582610754,43.28,11852.0
E05000231,24,0.859759288331,0.745743473326,2.86868806041,38.8963677639,0.496981457525,-0.0953764333044,51.5662095236,40.07,9276.0
E05000232,24,0.895095367847,0.793611793612,2.25424920877,39.8721352394,0.512779035911,-0.0668432606155,51.5660204483,38.13,9273.0
E05000234,24,0.906634746922,0.808225966303,2.85859136502,41.0010684902,0.517383678944,-0.0838301549993,51.5566227179,45.45,9693.0
E05000235,24,0.881446354475,0.820009350164,2.7388638413,39.0603463203,0.497800647357,-0.0711886015902,51.5484615656,38.23,12049.0
E05000236,24,0.788461538462,0.675355450237,2.76362072262,39.4160536363,0.494249799412,-0.0809811888152,51.539670447,39.06,11217.0
E05000237,24,0.901812688822,0.844554902847,2.52028767711,40.8898595944,0.51431135933,-0.0604314225176,51.5481493621,35.26,10027.0
E05000238,24,0.920187793427,0.846456692913,2.52035191859,40.5664414414,0.499852782412,-0.0621496454238,51.5576723578,35.7,10189.0
E05000239,24,0.858996539792,0.749710982659,2.69078438949,37.864161049,0.472351240032,-0.0754930435662,51.5303413505,36.08,11411.0
E05000241,24,0.898765432099,0.85202991453,2.12041956137,43.5820836622,0.53520241388,-0.0333777645696,51.5557977596,31.97,7954.0
E05000242,24,0.921949556919,0.83738317757,2.52918367347,40.7869582043,0.507081366287,-0.0506937869255,51.5592177062,35.11,10803.0
E05000246,24,0.750743604997,0.583394027677,1.7158041958,42.2291556728,0.509302619922,-0.0608468188192,51.5706282973,33.57,7901.0
E05000248,24,0.861247947455,0.786278381046,2.49724159467,41.4534871847,0.527959402752,-0.0491733411699,51.5390443528,37.35,10247.0
E05000366,25,0.713492063492,0.529046563193,2.78216786872,41.2647968653,0.516056172051,-0.111067768244,51.5373045569,44.97,10183.0
E05000367,25,0.735340729002,0.570780399274,2.71402181562,38.4847915243,0.488111440237,-0.0946185692249,51.5248821165,39.2,12491.0
E05000368,25,0.806426635695,0.639486944572,2.41809083184,40.4264332366,0.48098744045,-0.119036686685,51.5404101666,35.84,11545.0
E05000369,25,0.732945091514,0.563535911602,2.61723534558,42.3476687247,0.538295908951,-0.0912094515739,51.5433765503,40.59,9753.0
E05000370,25,0.738986262435,0.542589857213,2.78638651784,40.064073956,0.487654943062,-0.108115316574,51.5265123255,43.35,9923.0
E05000371,25,0.872137972049,0.778592375367,2.48045277276,40.8773179867,0.509302122456,-0.113584480404,51.5618176137,33.62,11449.0
E05000372,25,0.78379298604,0.579973992198,2.9946714032,42.7279508556,0.515689381933,-0.0983661423573,51.5531002477,47.81,9465.0
E05000373,25,0.804760698911,0.6530334015,2.97621686131,39.3691471572,0.492990467035,-0.105647345838,51.5569378686,43.8,12483.0
E05000374,25,0.850895316804,0.744030163385,2.56203115984,43.1314016173,0.534088457389,-0.128184363557,51.5706462539,39.09,9270.0
E05000375,25,0.80886945659,0.703453453453,2.57289024923,39.7072256305,0.518275386984,-0.119377002341,51.5507108952,35.43,12339.0
E05000376,25,0.824838478105,0.698924731183,2.6893776824,42.4248202563,0.526531838206,-0.135089473087,51.5630879904,39.47,9988.0
E05000377,25,0.830031282586,0.662303664921,2.67806945019,40.9078107588,0.530928834594,-0.0868019108011,51.5495421058,39.3,10314.0
E05000378,25,0.844745762712,0.698498748957,2.6983011745,42.0410986984,0.52276759314,-0.128056280607,51.5558420841,40.86,10146.0
E05000379,25,0.746930693069,0.536540240518,2.85049472654,41.6301560162,0.513102885694,-0.104301035176,51.542270271,46.19,9807.0
E05000380,25,0.701030927835,0.506831203173,2.76909852799,41.8852925672,0.500050694515,-0.0973102740064,51.5353435147,43.87,9863.0
E05000381,25,0.89127196902,0.783803326103,2.62959605117,41.4712766995,0.523178807947,-0.119802328885,51.5670249853,38.09,10721.0
E05000590,26,0.809220205983,0.758534136546,2.25468991393,40.7608564536,0.469760365158,0.0119254872878,51.5572658219,32.7,10516.0
E05000591,26,0.823836905384,0.807519640853,2.20736196319,40.3598615917,0.499177800617,0.000340079693877,51.5565202253,30.95,9730.0
E05000592,26,0.762450592885,0.664974619289,2.21703809419,43.0969136423,0.504294123323,-0.0119357689939,51.5972889445,36.44,10363.0
E05000593,26,0.30975828111,0.249566724437,2.02852737086,51.9228371977,0.532248269161,0.00530975379332,51.6357685969,39.28,8233.0
E05000594,26,0.340286298569,0.241666666667,1.99456796362,49.7110040756,0.521723561709,-0.00962946083846,51.6269611423,38.58,8378.0
E05000595,26,0.772285966461,0.714713216958,2.31452175937,42.52,0.490384615385,0.00301389094128,51.5768932443,36.08,9776.0
E05000596,26,0.813709677419,0.741067490075,2.46234784403,40.0049589757,0.48419776604,-0.00432259718884,51.5636099211,36.35,11549.0
E05000597,26,0.565885516711,0.43838108231,2.15940366972,46.8520666255,0.530299429658,0.00485843802047,51.6024329396,39.49,8416.0
E05000598,26,0.432396251673,0.347047434656,1.91146480975,48.9548543689,0.534341303329,0.00969253606263,51.6172092192,36.11,8532.0
E05000599,26,0.831725616292,0.71263765076,2.40776081425,40.8052710002,0.467303188615,-0.0445611100315,51.5804268214,34.81,11102.0
E05000600,26,0.806252752092,0.756302521008,1.98052100446,42.5516905072,0.515507910075,-0.0373482153615,51.5976877376,31.27,9608.0
E05000601,26,0.818085106383,0.755346449957,2.38796128895,42.0773786408,0.509328358209,-0.0140117854491,51.5836068554,34.89,10720.0
E05000602,26,0.468576709797,0.337084398977,1.83628536285,48.5989539998,0.530150753769,-0.00978617514485,51.6142870912,35.17,8756.0
E05000603,26,0.833826794967,0.792658329972,2.05560592324,42.4018918919,0.497403047091,-0.0325803910944,51.5684157873,31.45,11552.0
E05000604,26,0.822462203024,0.779240506329,2.15139794452,41.3022342995,0.514233506444,-0.0160650259325,51.5618709677,31.04,10398.0
E05000605,26,0.781032588795,0.691275167785,2.61085288077,41.1336271662,0.467820598642,0.00891554383055,51.5691561656,38.7,10457.0
E05000606,26,0.859984399376,0.811055731763,2.22151321787,41.9323369843,0.512661345945,-0.0304353770987,51.5769960087,33.78,10149.0
E05000607,26,0.515376984127,0.434653465347,1.80950594121,47.1133477115,0.532988505747,-0.0244002757904,51.612881714,34.25,8700.0
E05000608,26,0.823312430837,0.753307725139,2.29318051576,42.3156156466,0.508544019187,-0.0281704436129,51.5902560275,35.07,10007.0
E05000609,26,0.79464613128,0.708214139763,2.25686318632,43.8605839416,0.512305374184,0.00157880263988,51.5870639811,35.13,9955.0
E05000346,27,0.548012232416,0.46947082768,1.82107261509,45.2350065189,0.510170021905,-0.439962225689,51.4503967403,31.87,9587.0
E05000347,27,0.610692771084,0.521892967713,2.44628992629,42.4979275545,0.514486467731,-0.301745349204,51.4927391143,35.04,11528.0
E05000348,27,0.391085271318,0.264127249895,3.07347328244,45.484094524,0.51742063931,-0.254413248133,51.4845518886,51.83,9041.0
E05000349,27,0.390658174098,0.271539403838,3.05950163018,46.0735343571,0.50049089124,-0.2699947517,51.4835006859,49.68,9167.0
E05000350,27,0.690452261307,0.735779816514,2.10197790907,43.3370585606,0.490713065756,-0.404866443468,51.473505549,30.86,9368.0
E05000351,27,0.542892156863,0.497692307692,1.80017875383,46.4352325581,0.509307019511,-0.410787026336,51.4576878961,32.85,8918.0
E05000352,27,0.554962646745,0.497846153846,2.02386847578,41.3798435171,0.509178830483,-0.428136632965,51.4392441879,34.01,11167.0
E05000353,27,0.558673469388,0.492003046458,1.759929391,45.3920833821,0.52250113071,-0.391465321512,51.4324970532,31.15,8844.0
E05000354,27,0.501795792714,0.432632880099,1.91666666667,45.9571681416,0.505917159763,-0.402343206242,51.4404285296,34.34,8788.0
E05000355,27,0.62971376647,0.645278450363,2.32557261515,44.2275534966,0.489718041128,-0.380787815553,51.4788742124,33.58,9434.0
E05000356,27,0.629900904782,0.665501165501,2.39231434573,43.8350652222,0.494091580502,-0.370576871419,51.4838444094,34.03,9478.0
E05000357,27,0.714285714286,0.740778688525,2.0078125,44.3699159282,0.503960073777,-0.397338477631,51.488055281,29.49,9217.0
E05000358,27,0.640872317974,0.620036934441,2.73241392995,41.226256022,0.466182178545,-0.356691355311,51.4710554692,35.83,12109.0
E05000359,27,0.663432835821,0.710166177908,2.43580529239,41.7139334155,0.493719279082,-0.381221915469,51.4590009576,32.53,10986.0
E05000360,27,0.525147928994,0.485336637753,2.38850574713,46.4721702526,0.506768953069,-0.350098261801,51.4629981469,39.92,8864.0
E05000361,27,0.65285186705,0.721417069243,2.40955794504,42.9370600836,0.47264363316,-0.383078263781,51.4683495903,31.89,10217.0
E05000362,27,0.57903930131,0.508717948718,2.29734620024,44.2864230943,0.530157342657,-0.332166343417,51.4646907332,34.79,9152.0
E05000363,27,0.490940766551,0.389852558543,2.82610595303,44.7827431421,0.484492390676,-0.344450026592,51.4867743945,42.14,10382.0
E05000364,27,0.577832110839,0.490988796883,2.50876272432,43.5786920241,0.514513856271,-0.317649634883,51.4789598886,37.04,10645.0
E05000365,27,0.410881039383,0.281488121918,3.06180555556,45.0333547834,0.508561286281,-0.270470942902,51.4928681323,47.08,9578.0
E05000400,28,0.368527918782,0.311554748941,2.38983312732,48.6417151163,0.511795451335,-0.275336615102,51.3838700495,41.39,7079.0
E05000401,28,0.41073219659,0.297910447761,2.85978578384,46.1421889616,0.503841646048,-0.289369971506,51.3926506683,42.33,7679.0
E05000402,28,0.456378781236,0.356589147287,2.61857984844,47.1865084655,0.524607060036,-0.258925408156,51.4027935831,40.7,7762.0
E05000403,28,0.440055924502,0.357255107386,3.0441686235,42.3606324973,0.50970464135,-0.29464011278,51.4168727555,45.6,9480.0
E05000404,28,0.342261904762,0.341964965727,1.97525309336,48.1719135802,0.515156040018,-0.305405124472,51.3681472456,37.23,6697.0
E05000405,28,0.342433234421,0.293715846995,2.09603906674,47.4947950982,0.525371995422,-0.312033322717,51.3479747998,38.31,7863.0
E05000406,28,0.328092243187,0.248638838475,2.86312550174,46.0784036956,0.530812668795,-0.264739462788,51.4217460698,45.65,8146.0
E05000407,28,0.360367892977,0.313636363636,2.82094301417,47.7741304651,0.5261663286,-0.267368384725,51.409251953,44.32,7395.0
E05000408,28,0.514516129032,0.35525375268,3.00034470872,39.6518272425,0.505736137667,-0.300031580002,51.4046932516,41.41,9414.0
E05000409,28,0.607711138311,0.535211267606,2.45265306122,41.6488420505,0.511433212545,-0.285556826253,51.4075517394,34.65,8003.0
E05000410,28,0.352912383749,0.273211117682,2.39925484352,49.1318156268,0.520861739842,-0.255475235505,51.3850053907,41.76,7334.0
E05000411,28,0.408782017773,0.324373854612,2.50244209863,50.4937361828,0.515368120086,-0.256610524609,51.3932861074,41.85,6995.0
E05000412,28,0.500525762355,0.350707850708,3.06795321637,38.4929898552,0.504332755633,-0.3017123311,51.396041276,44.93,9232.0
E05000413,28,0.437440758294,0.307409675444,2.93999500998,45.3322107289,0.515665185878,-0.301336104658,51.3848350395,43.16,8554.0
E05000414,28,0.44470314319,0.389966555184,2.24119591778,46.6580240175,0.517154922143,-0.289896862723,51.3742233518,37.84,7578.0
E05000415,28,0.299203187251,0.28227571116,2.91586715867,48.9332566168,0.532485678357,-0.301362576699,51.4249644095,48.53,7157.0
E05000516,29,0.234144542773,0.163410301954,3.09970596097,48.661377709,0.525241137417,-0.237401484305,51.4795714664,55.45,7983.0
E05000517,29,0.238932496075,0.18235064428,3.22437449556,48.5227991566,0.526437668854,-0.264139012832,51.4512086572,56.09,7773.0
E05000518,29,0.3956,0.322729604926,2.94127090301,47.731124604,0.523748230145,-0.351778793745,51.4284487118,48.81,7769.0
E05000519,29,0.319870759289,0.906666666667,2.72358591249,49.5315213288,0.501775437737,-0.295752855485,51.4377323499,44.87,8167.0
E05000520,29,0.340033500838,0.267212325469,2.76207680985,49.9439387944,0.527503526093,-0.350397433646,51.4095367258,46.75,7799.0
E05000521,29,0.343962362781,0.287860576923,2.41234424804,49.3043660789,0.53013847407,-0.374999767148,51.4278711669,39.44,7366.0
E05000522,29,0.38803012287,0.248669569424,2.99668522938,47.8715548622,0.521470068199,-0.315470682184,51.416700053,46.76,7918.0
E05000523,29,0.400100654253,0.32426035503,2.19783531991,47.9908616188,0.510445507173,-0.37181264834,51.448308917,36.95,7946.0
E05000524,29,0.295677799607,0.233697853382,3.21171330736,47.6948821162,0.512987012987,-0.288620536457,51.4766857955,52.13,8932.0
E05000525,29,0.301175656985,0.233144845585,3.05921375921,45.9669598289,0.526762857808,-0.249961548005,51.4689429079,50.1,8594.0
E05000526,29,0.304713189624,0.248934356351,3.08867427568,46.5319277108,0.522405660377,-0.298602949991,51.4670929382,50.86,8480.0
E05000528,29,0.29745245784,0.219248826291,3.2728807428,46.7368604246,0.516817155756,-0.292383590342,51.4575100841,52.69,8860.0
E05000529,29,0.361882716049,0.267149758454,3.14302431413,44.623252776,0.514600827171,-0.338798436438,51.4404443769,51.38,7979.0
E05000527,29,0.424775583483,0.295804794521,3.23759600146,45.0846274227,0.509840674789,-0.330044003132,51.4552624428,52.87,8536.0
E05000530,29,0.378793699577,0.259786476868,3.12741020794,47.7294589178,0.5293183484,-0.335121346561,51.4198292863,50.6,8186.0
E05000531,29,0.404810436201,0.273090364453,3.29423558897,45.8240125619,0.507023964113,-0.317832080455,51.4511017537,51.35,8471.0
E05000532,29,0.42934537246,0.334218916047,2.71140583554,46.5446177448,0.521722893066,-0.358611468974,51.4394006496,45.04,8033.0
E05000533,29,0.387006960557,0.335446381405,2.45037413525,48.7505748681,0.514334336955,-0.357093032951,51.4534754426,42.23,7639.0
E05000250,30,0.543300301594,0.357053682896,3.11438096333,40.562130813,0.518139534884,-0.219547333092,51.5003181254,43.97,9675.0
E05000251,30,0.674330816747,0.529433139535,2.76723462593,40.91398823,0.500696015312,-0.242169314484,51.5034275292,38.45,11494.0
E05000252,30,0.498617511521,0.329374143444,3.08046958378,41.6363907383,0.517483846446,-0.213583447894,51.4943479171,43.35,10524.0
E05000253,30,0.727737226277,0.663894663895,2.19402510726,42.5646248535,0.535155699591,-0.237715286233,51.5220584316,30.89,7097.0
E05000254,30,0.45482388974,0.359695092901,2.78643785008,41.0747621712,0.522790498609,-0.200104435645,51.4831125201,42.13,9346.0
E05000255,30,0.557999137559,0.380570409982,2.96600790514,39.3287126585,0.506201947719,-0.218359106763,51.4858199193,42.01,9755.0
E05000256,30,0.623555555556,0.473218238158,2.74594229035,42.2365466102,0.499234928083,-0.227419948576,51.4940183363,39.5,9803.0
E05000257,30,0.334260547056,0.199092970522,3.11901081917,39.9801767105,0.522828326646,-0.211694861924,51.4782536637,50.24,9221.0
E05000258,30,0.588042970574,0.408109299251,2.98737174428,38.631672412,0.49774481307,-0.205993151063,51.4879169023,39.51,9977.0
E05000259,30,0.288461538462,0.191103789127,3.0777537797,46.8427004798,0.533677892631,-0.213138316581,51.4726261286,53.33,5998.0
E05000260,30,0.268643306379,0.157216494845,3.09188783175,43.2671536343,0.516195727085,-0.194691831078,51.4757145474,55.72,8706.0
E05000261,30,0.474808544942,0.322105263158,3.05192524771,44.7868074505,0.498737373737,-0.240694362142,51.4961142416,45.51,8712.0
E05000262,30,0.435161009574,0.301878549585,2.80821333333,41.15684469,0.530608272506,-0.189033907802,51.470929859,44.17,10275.0
E05000263,30,0.704483074108,0.547853309481,2.78485389248,40.3788922002,0.504117647059,-0.2258536204,51.5066796257,36.43,10200.0
E05000264,30,0.36279296875,0.234495246718,3.13056023082,39.5554545455,0.533442088091,-0.203921633142,51.4755483586,47.94,9195.0
E05000265,30,0.729323308271,0.653905053599,2.24177058757,42.7360075606,0.536292741452,-0.238655885075,51.5109830028,31.86,10002.0
E05000382,31,0.252330226365,0.145861601085,3.29642461197,44.2496604519,0.496639462314,-0.197447714772,51.4964045081,54.69,8332.0
E05000383,31,0.186839967506,0.139285714286,3.24848578972,44.5566488998,0.500398618124,-0.170011298518,51.4958607505,64.32,7526.0
E05000384,31,0.201249132547,0.140877598152,3.38614689644,45.2902884761,0.518066980024,-0.193690752983,51.5056368685,65.5,6808.0
E05000385,31,0.591024020228,0.468588322247,2.82483126668,43.7047382276,0.517966197983,-0.204846931816,51.5163169652,43.56,7041.0
E05000386,31,0.173738991193,0.107925801012,3.42410248771,40.5346641489,0.473058534694,-0.183309380723,51.4921394404,61.81,7739.0
E05000388,31,0.361918604651,0.280811232449,3.11369282478,41.1239465837,0.473783241345,-0.195541556851,51.4912373583,44.1,7972.0
E05000389,31,0.756132756133,0.619526202441,2.22400771332,44.1361639824,0.514605785593,-0.213753459533,51.5245494356,30.1,7052.0
E05000391,31,0.334077380952,0.174491941135,3.25767768353,45.0895248097,0.519009951518,-0.206344875956,51.5018617698,54.77,7838.0
E05000392,31,0.293723849372,0.278128950695,2.84624980508,47.3388880696,0.531781174118,-0.211360199599,51.5097793728,53.43,7001.0
E05000393,31,0.693851132686,0.518140589569,2.41293233083,45.4627075711,0.543466449334,-0.217473248587,51.5158498025,36.69,7362.0
E05000394,31,0.345016429354,0.214227309894,3.32272019381,43.6621536524,0.509762050031,-0.199291344677,51.5114957429,55.71,6556.0
E05000395,31,0.226890756303,0.117056856187,3.45540296851,41.6950634002,0.486382723455,-0.185648678813,51.4986690554,63.63,8335.0
E05000396,31,0.249659863946,0.143475126172,3.35971117006,43.047341973,0.497613211199,-0.187360399698,51.4869007039,54.55,7751.0
E05000397,31,0.199046483909,0.105263157895,3.12266857963,50.0722222222,0.500879859223,-0.160261208919,51.487318438,60.6,6251.0
E05000399,31,0.265396825397,0.109230769231,3.18755172985,45.7597856824,0.539418486909,-0.17658063267,51.4861122803,54.99,6913.0
E05000630,32,0.28190376569,0.17845484222,3.09340931615,45.8687040181,0.533817222039,-0.178227093785,51.5348720349,52.2,9093.0
E05000631,32,0.45748502994,0.290417401529,3.25937539195,41.5810764484,0.490507383146,-0.191921331746,51.5170994433,49.96,9007.0
E05000632,32,0.380808690404,0.232258064516,3.21069285325,41.3673368815,0.46738412159,-0.161967105367,51.5195357531,51.37,10593.0
E05000634,32,0.777830637488,0.735119047619,1.94711222208,44.5711563654,0.523907808738,-0.169693124835,51.5239030367,26.29,8721.0
E05000633,32,0.560294892048,0.4375,2.44311017712,45.7228965517,0.523999468156,-0.147532846244,51.4883006078,39.53,7521.0
E05000635,32,0.731798966651,0.629064039409,2.48831138009,41.9660225792,0.519794182506,-0.199458012685,51.5266715713,35.0,9523.0
E05000636,32,0.388888888889,0.256660168941,3.06231263383,41.1830361446,0.445748346838,-0.172966968525,51.5160623315,46.88,10737.0
E05000637,32,0.142099681866,0.0967226219025,3.1817788045,43.7525624179,0.464153275649,-0.166801476182,51.5044258786,88.33,8090.0
E05000638,32,0.416091954023,0.258732978094,3.30093665022,39.8103417266,0.477440027713,-0.185359397597,51.5131726618,49.29,11547.0
E05000639,32,0.428571428571,0.307363927428,3.0451496388,43.661869648,0.502086714584,-0.18073520274,51.5235690138,48.77,8626.0
E05000640,32,0.552026286966,0.395245992261,2.89448924731,42.547586033,0.526489257812,-0.189532563422,51.5297824236,45.66,8192.0
E05000641,32,0.316655694536,0.184978274364,3.34147230321,42.0584911931,0.473858301323,-0.150357127972,51.5196209163,58.37,9372.0
E05000642,32,0.793886462882,0.675342465753,2.15210203118,43.4430934385,0.53849398861,-0.208652154443,51.5294818968,32.26,9482.0
E05000643,32,0.401123595506,0.308938547486,2.93538812785,46.5293754501,0.516087259687,-0.161933287025,51.5299836095,46.51,10039.0
E05000644,32,0.421394799054,0.289987789988,2.94644527596,42.7570916205,0.438037063878,-0.131410760488,51.5046635475,52.52,9659.0
E05000645,32,0.410997732426,0.28,2.97646515921,45.2923493375,0.503395703396,-0.134896450162,51.4884295895,47.34,7215.0
E05000646,32,0.472068444892,0.327014218009,2.9528650647,44.8561576355,0.496139684048,-0.132864168213,51.4932297865,46.55,8419.0
E05000647,32,0.371896162528,0.248600223964,3.12948580611,43.0495773937,0.492023205221,-0.143928878935,51.4921415878,50.25,8274.0
E05000649,32,0.441512125535,0.311610486891,3.09402219306,42.4936247723,0.420648906396,-0.143563096111,51.51234458,54.97,9647.0
E05000648,32,0.748430962343,0.667936853566,2.30452003728,43.1927478875,0.521743621527,-0.193751645696,51.5212856738,32.39,9681.0
